dateTime,initial,winRate,totalReturnRate,totalProfit,annualReturnRate,annualProfit,monthlyReturnRate,monthlyProfit,dailyReturnRate,dailyReturnRate300,dailyProfit,maxDrawdown,sharpRate
2025-01-01,50000,62.71,0.21,106,0.21,106,-20,-300,0.2,73,106,0,2.4
2025-01-02,50000,59.45,0.33,166,60.73,30366,-19,-299,0.1,60.7,61,0,2.41
2025-01-03,50000,59.68,1.01,504,122.53,61264,-18,-298,0.7,122.5,337,0,1.9
2025-01-04,50000,64.51,1.16,578,105.5,52750,-17,-297,0.1,105.5,75,0,1.88
2025-01-05,50000,56.02,0.99,496,72.36,36180,-16,-296,-0.2,72.4,-82,0.2,2.28
2025-01-06,50000,59.78,0.02,12,1.47,733,-15,-295,-1,1.5,-484,1.1,1.95
2025-01-07,50000,60.4,1.49,746,77.75,38875,-14,-294,1.5,77.8,733,1.1,1.65
2025-01-08,50000,58.27,3.84,1920,175.19,87595,-13,-293,2.3,175.2,1174,1.1,2.2
2025-01-09,50000,61.66,3.58,1790,145.17,72586,-12,-292,-0.3,145.2,-130,1.1,2.29
2025-01-10,50000,61.14,2.9,1450,105.83,52916,-11,-291,-0.7,105.8,-340,1.1,2.3
2025-01-11,50000,55.27,3.87,1933,128.25,64126,-10,-290,1,128.3,483,1.1,1.86
2025-01-12,50000,56.06,4.37,2183,132.77,66386,-9,-289,0.5,132.8,250,1.1,2.12
2025-01-13,50000,56.88,3.12,1561,87.68,43838,-8,-288,-1.2,87.7,-621,1.2,1.6
2025-01-14,50000,57.03,1.8,899,46.88,23441,-7,-287,-1.3,46.9,-662,2.5,1.6
2025-01-15,50000,62.37,-0.09,-45,-2.18,-1089,-6,-286,-1.9,-2.2,-944,4.3,2.46
2025-01-16,50000,62.81,-1.22,-611,-27.89,-13947,-5,-285,-1.1,-27.9,-567,5.4,2.05
2025-01-17,50000,61.81,-0.38,-188,-8.06,-4032,-4,-284,0.8,-8.1,424,5.4,2.34
2025-01-18,50000,55.13,0.35,175,7.08,3540,-3,-283,0.7,7.1,362,5.4,1.59
2025-01-19,50000,64.21,-1.36,-680,-26.12,-13059,-2,-282,-1.7,-26.1,-854,5.5,2.2
2025-01-20,50000,62.99,-1.29,-646,-23.59,-11794,-1,-281,0.1,-23.6,34,5.5,1.68
2025-01-21,50000,60.62,-1.96,-978,-33.99,-16994,0,-280,-0.7,-34,-331,6.1,2.26
2025-01-22,50000,58.97,-3.6,-1798,-59.65,-29825,1,-279,-1.6,-59.6,-820,7.6,2.06
2025-01-23,50000,58.01,-4.07,-2034,-64.56,-32280,2,-278,-0.5,-64.6,-236,8.1,2.11
2025-01-24,50000,62.54,-4.03,-2015,-61.29,-30644,3,-277,0,-61.3,19,8.1,1.52
2025-01-25,50000,55.61,-4.72,-2361,-68.93,-34464,4,-276,-0.7,-68.9,-346,8.7,1.91
2025-01-26,50000,55.06,-5.34,-2669,-74.95,-37473,5,-275,-0.6,-74.9,-309,9.3,1.56
2025-01-27,50000,59.66,-5.84,-2918,-78.89,-39444,6,-274,-0.5,-78.9,-248,9.8,2.26
2025-01-28,50000,56.48,-5.49,-2744,-71.53,-35764,7,-273,0.3,-71.5,174,9.8,2.19
2025-01-29,50000,57.12,-5.65,-2823,-71.06,-35531,8,-272,-0.2,-71.1,-79,9.8,2.39
2025-01-30,50000,60.34,-6.44,-3218,-78.31,-39155,9,-271,-0.8,-78.3,-395,10.3,1.75
2025-01-31,50000,56.08,-5.8,-2901,-68.32,-34161,10,-270,0.6,-68.3,317,10.3,1.93
2025-02-01,50000,56.49,-7.21,-3606,-82.25,-41126,11,-269,-1.4,-82.3,-704,11.1,1.79
2025-02-02,50000,59.57,-8.96,-4482,-99.16,-49578,12,-268,-1.8,-99.2,-877,12.8,2.2
2025-02-03,50000,56.32,-8.54,-4270,-91.69,-45844,13,-267,0.4,-91.7,212,12.8,2.41
2025-02-04,50000,60.81,-10.18,-5090,-106.17,-53086,14,-266,-1.6,-106.2,-820,13.9,1.63
2025-02-05,50000,59.13,-10.2,-5100,-103.41,-51704,15,-265,0,-103.4,-9,14,2.07
2025-02-06,50000,64.62,-10.05,-5023,-99.1,-49548,16,-264,0.2,-99.1,77,14,1.88
2025-02-07,50000,57.08,-10.44,-5222,-100.32,-50161,17,-263,-0.4,-100.3,-200,14.2,1.62
2025-02-08,50000,56.11,-10.17,-5084,-95.15,-47577,18,-262,0.3,-95.2,139,14.2,2.37
2025-02-09,50000,58.37,-8.81,-4405,-80.4,-40199,19,-261,1.4,-80.4,678,14.2,2.49
2025-02-10,50000,63.72,-9.18,-4588,-81.69,-40843,20,-260,-0.4,-81.7,-183,14.2,2.47
2025-02-11,50000,56.03,-9.36,-4681,-81.36,-40681,21,-259,-0.2,-81.4,-93,14.2,2.02
2025-02-12,50000,58.18,-8.93,-4466,-75.82,-37910,22,-258,0.4,-75.8,215,14.2,1.55
2025-02-13,50000,56.47,-10.23,-5115,-84.87,-42434,23,-257,-1.3,-84.9,-649,14.2,1.82
2025-02-14,50000,58.37,-7.61,-3804,-61.72,-30858,24,-256,2.6,-61.7,1311,14.2,1.71
2025-02-15,50000,60.77,-7.44,-3718,-59.01,-29504,25,-255,0.2,-59,86,14.2,2.31
2025-02-16,50000,63.36,-7.71,-3857,-59.91,-29954,26,-254,-0.3,-59.9,-139,14.2,2.16
2025-02-17,50000,56.7,-6.89,-3447,-52.43,-26215,27,-253,0.8,-52.4,410,14.2,2.25
2025-02-18,50000,62.55,-6.03,-3015,-44.92,-22461,28,-252,0.9,-44.9,432,14.2,1.78
2025-02-19,50000,57.14,-5.03,-2517,-36.74,-18371,29,-251,1,-36.7,499,14.2,2
2025-02-20,50000,56.24,-4.3,-2152,-30.81,-15405,30,-250,0.7,-30.8,364,14.2,2.21
2025-02-21,50000,55.02,-2.03,-1017,-14.27,-7137,31,-249,2.3,-14.3,1136,14.2,1.82
2025-02-22,50000,62.18,-1.21,-604,-8.31,-4157,32,-248,0.8,-8.3,413,14.2,2.36
2025-02-23,50000,55.05,-3.62,-1810,-24.47,-12235,33,-247,-2.4,-24.5,-1207,14.2,2.13
2025-02-24,50000,64.46,-4.38,-2189,-29.06,-14530,34,-246,-0.8,-29.1,-379,14.2,2.36
2025-02-25,50000,64.02,-3.23,-1616,-21.06,-10530,35,-245,1.1,-21.1,574,14.2,1.87
2025-02-26,50000,57.54,-2.62,-1308,-16.75,-8375,36,-244,0.6,-16.8,308,14.2,2.34
2025-02-27,50000,56.33,-2.85,-1425,-17.94,-8968,37,-243,-0.2,-17.9,-117,14.2,1.55
2025-02-28,50000,58.93,-4.68,-2341,-28.97,-14484,38,-242,-1.8,-29,-916,14.2,1.56
2025-03-01,50000,63.61,-3.65,-1824,-22.19,-11097,39,-241,1,-22.2,517,14.2,1.64
2025-03-02,50000,59.46,-6.84,-3419,-40.91,-20456,40,-240,-3.2,-40.9,-1594,14.2,2.44
2025-03-03,50000,61.9,-7.29,-3645,-42.91,-21457,41,-239,-0.5,-42.9,-226,14.2,1.9
2025-03-04,50000,58.28,-7.02,-3509,-40.66,-20331,42,-238,0.3,-40.7,136,14.2,1.8
2025-03-05,50000,56.51,-6.59,-3296,-37.6,-18799,43,-237,0.4,-37.6,213,14.2,1.94
2025-03-06,50000,64.45,-6.28,-3142,-35.29,-17646,44,-236,0.3,-35.3,154,14.2,2.34
2025-03-07,50000,62.67,-4.99,-2496,-27.61,-13803,45,-235,1.3,-27.6,647,14.2,2.01
2025-03-08,50000,55.59,-2.68,-1339,-14.59,-7293,46,-234,2.3,-14.6,1157,14.2,2.05
2025-03-09,50000,56.93,-3,-1502,-16.12,-8061,47,-233,-0.3,-16.1,-163,14.2,1.62
2025-03-10,50000,62.45,-3.88,-1942,-20.55,-10274,48,-232,-0.9,-20.5,-440,14.2,2.35
2025-03-11,50000,64.81,-4.29,-2146,-22.38,-11190,49,-231,-0.4,-22.4,-204,14.2,2.27
2025-03-12,50000,56.73,-4.2,-2099,-21.59,-10793,50,-230,0.1,-21.6,47,14.2,1.51
2025-03-13,50000,61.47,-5.5,-2748,-27.86,-13929,51,-229,-1.3,-27.9,-648,14.2,1.5
2025-03-14,50000,58.8,-4.97,-2483,-24.83,-12415,52,-228,0.5,-24.8,265,14.2,1.7
2025-03-15,50000,56.59,-7,-3501,-34.54,-17269,53,-227,-2,-34.5,-1018,14.2,1.64
2025-03-16,50000,61.64,-5.54,-2770,-26.96,-13481,54,-226,1.5,-27,731,14.2,1.68
2025-03-17,50000,56.86,-5.75,-2877,-27.64,-13819,55,-225,-0.2,-27.6,-107,14.2,2.35
2025-03-18,50000,59.84,-5.6,-2800,-26.54,-13271,56,-224,0.2,-26.5,78,14.2,2.25
2025-03-19,50000,61.5,-5.31,-2655,-24.85,-12423,57,-223,0.3,-24.8,145,14.2,2.15
2025-03-20,50000,64.93,-6.4,-3200,-29.57,-14783,58,-222,-1.1,-29.6,-545,14.2,2.48
2025-03-21,50000,55.27,-6.86,-3428,-31.28,-15639,59,-221,-0.5,-31.3,-228,14.2,2.18
2025-03-22,50000,61.5,-6.04,-3019,-27.2,-13602,60,-220,0.8,-27.2,409,14.2,1.93
2025-03-23,50000,56.13,-5.93,-2964,-26.38,-13191,61,-219,0.1,-26.4,55,14.2,2.35
2025-03-24,50000,55.33,-5.72,-2859,-25.14,-12572,62,-218,0.2,-25.1,105,14.2,2.47
2025-03-25,50000,57.38,-5.92,-2959,-25.72,-12858,63,-217,-0.2,-25.7,-100,14.2,2.24
2025-03-26,50000,63.32,-4.7,-2350,-20.18,-10092,64,-216,1.2,-20.2,609,14.2,1.9
2025-03-27,50000,62.58,-5.29,-2646,-22.46,-11230,65,-215,-0.6,-22.5,-296,14.2,1.85
2025-03-28,50000,57.77,-4.04,-2018,-16.93,-8465,66,-214,1.3,-16.9,628,14.2,2.44
2025-03-29,50000,61.01,-4.26,-2130,-17.67,-8836,67,-213,-0.2,-17.7,-113,14.2,1.72
2025-03-30,50000,64.6,-3.79,-1897,-15.56,-7781,68,-212,0.5,-15.6,233,14.2,2.25
2025-03-31,50000,64.41,-6.12,-3059,-24.82,-12408,69,-211,-2.3,-24.8,-1162,14.2,1.62
2025-04-01,50000,59.9,-7.13,-3567,-28.61,-14306,70,-210,-1,-28.6,-507,14.2,1.76
2025-04-02,50000,57.87,-7.92,-3961,-31.43,-15713,71,-209,-0.8,-31.4,-394,14.2,2.23
2025-04-03,50000,58.66,-8.72,-4361,-34.23,-17117,72,-208,-0.8,-34.2,-401,14.2,2.35
2025-04-04,50000,60.75,-7.88,-3940,-30.6,-15300,73,-207,0.8,-30.6,421,14.2,1.5
2025-04-05,50000,55.75,-8.18,-4089,-31.42,-15710,74,-206,-0.3,-31.4,-149,14.2,2.17
2025-04-06,50000,60.77,-8.38,-4188,-31.85,-15925,75,-205,-0.2,-31.8,-100,14.2,2.19
2025-04-07,50000,64.51,-10.86,-5431,-40.87,-20435,76,-204,-2.5,-40.9,-1242,14.6,1.67
2025-04-08,50000,60.43,-11.32,-5661,-42.17,-21086,77,-203,-0.5,-42.2,-231,15,1.56
2025-04-09,50000,63.46,-12.46,-6232,-45.96,-22978,78,-202,-1.1,-46,-571,16.1,2.1
2025-04-10,50000,61.29,-10.91,-5453,-39.81,-19905,79,-201,1.6,-39.8,779,16.1,2.36
2025-04-11,50000,59.45,-9.55,-4775,-34.51,-17256,80,-200,1.4,-34.5,678,16.1,2
2025-04-12,50000,64.19,-8.26,-4131,-29.57,-14784,81,-199,1.3,-29.6,644,16.1,2.1
2025-04-13,50000,64.07,-5.96,-2980,-21.12,-10559,82,-198,2.3,-21.1,1152,16.1,2.32
2025-04-14,50000,56.44,-5.06,-2531,-17.77,-8884,83,-197,0.9,-17.8,449,16.1,2.41
2025-04-15,50000,61,-5,-2501,-17.39,-8694,84,-196,0.1,-17.4,30,16.1,1.89
2025-04-16,50000,61.09,-6.12,-3062,-21.09,-10545,85,-195,-1.1,-21.1,-561,16.1,2.08
2025-04-17,50000,56.62,-5.04,-2521,-17.2,-8601,86,-194,1.1,-17.2,541,16.1,1.75
2025-04-18,50000,64.44,-3.68,-1838,-12.42,-6211,87,-193,1.4,-12.4,683,16.1,1.92
2025-04-19,50000,59.89,-2.23,-1116,-7.47,-3736,88,-192,1.4,-7.5,722,16.1,1.55
2025-04-20,50000,55.02,-0.59,-294,-1.95,-976,89,-191,1.6,-2,822,16.1,2.36
2025-04-21,50000,64.44,0.38,189,1.24,622,90,-190,1,1.2,483,16.1,1.98
2025-04-22,50000,64.47,-0.45,-226,-1.47,-736,91,-189,-0.8,-1.5,-415,16.1,2.04
2025-04-23,50000,64.89,-1.14,-571,-3.69,-1844,92,-188,-0.7,-3.7,-345,16.1,1.67
2025-04-24,50000,59.32,-0.54,-270,-1.73,-865,93,-187,0.6,-1.7,301,16.1,2.46
2025-04-25,50000,61.72,0.83,414,2.63,1314,94,-186,1.4,2.6,684,16.1,1.96
2025-04-26,50000,58.85,1.27,633,3.98,1992,95,-185,0.4,4,219,16.1,2.32
2025-04-27,50000,56.14,1.27,637,3.98,1988,96,-184,0,4,4,16.1,1.73
2025-04-28,50000,61.13,2.64,1318,8.15,4077,97,-183,1.4,8.2,681,16.1,1.65
2025-04-29,50000,61.57,2.84,1421,8.71,4357,98,-182,0.2,8.7,102,16.1,1.78
2025-04-30,50000,57.07,1.77,883,5.37,2685,99,-181,-1.1,5.4,-538,16.1,1.77
2025-05-01,50000,58.39,1.29,643,3.88,1939,100,-180,-0.5,3.9,-240,16.1,2.17
2025-05-02,50000,62.62,2.04,1022,6.12,3058,101,-179,0.8,6.1,379,16.1,2.36
2025-05-03,50000,61.51,3.56,1779,10.56,5278,102,-178,1.5,10.6,757,16.1,2.3
2025-05-04,50000,59.34,3.95,1976,11.63,5815,103,-177,0.4,11.6,197,16.1,1.97
2025-05-05,50000,63.53,3.94,1970,11.5,5751,104,-176,0,11.5,-6,16.1,1.82
2025-05-06,50000,59.78,2.79,1397,8.09,4047,105,-175,-1.1,8.1,-572,16.1,2.29
2025-05-07,50000,59.26,1.67,833,4.79,2395,106,-174,-1.1,4.8,-564,16.1,1.97
2025-05-08,50000,57.04,1.38,689,3.93,1966,107,-173,-0.3,3.9,-144,16.1,1.86
2025-05-09,50000,64.38,0.63,314,1.78,889,108,-172,-0.8,1.8,-375,16.1,2.03
2025-05-10,50000,64.26,1.68,841,4.72,2360,109,-171,1.1,4.7,526,16.1,2.4
2025-05-11,50000,64.87,2.8,1400,7.8,3901,110,-170,1.1,7.8,560,16.1,2.06
2025-05-12,50000,63.4,2.47,1233,6.82,3409,111,-169,-0.3,6.8,-167,16.1,2.23
2025-05-13,50000,57.54,2.15,1074,5.89,2947,112,-168,-0.3,5.9,-159,16.1,2.14
2025-05-14,50000,58.12,1.39,693,3.77,1887,113,-167,-0.8,3.8,-381,16.1,2.38
2025-05-15,50000,60.29,1.63,815,4.41,2203,114,-166,0.2,4.4,122,16.1,2.48
2025-05-16,50000,64.95,0.37,187,1,502,115,-165,-1.3,1,-628,16.1,2.16
2025-05-17,50000,63.65,2.13,1067,5.68,2842,116,-164,1.8,5.7,880,16.1,2.05
2025-05-18,50000,62.83,2.26,1130,5.98,2988,117,-163,0.1,6,63,16.1,2.41
2025-05-19,50000,64.11,0.94,471,2.47,1237,118,-162,-1.3,2.5,-659,16.1,1.58
2025-05-20,50000,62.86,1.5,748,3.9,1950,119,-161,0.6,3.9,277,16.1,1.67
2025-05-21,50000,58.47,-0.55,-273,-1.41,-706,120,-160,-2,-1.4,-1021,16.1,2.33
2025-05-22,50000,59.19,-0.77,-387,-1.99,-994,121,-159,-0.2,-2,-114,16.1,2.22
2025-05-23,50000,58.99,-0.33,-167,-0.85,-427,122,-158,0.4,-0.9,219,16.1,2.02
2025-05-24,50000,58.81,-0.03,-13,-0.06,-32,123,-157,0.3,-0.1,155,16.1,2.44
2025-05-25,50000,60.05,1.45,723,3.64,1820,124,-156,1.5,3.6,736,16.1,1.52
2025-05-26,50000,59,1.66,831,4.16,2078,125,-155,0.2,4.2,108,16.1,2.04
2025-05-27,50000,55.2,0.78,391,1.94,970,126,-154,-0.9,1.9,-440,16.1,1.87
2025-05-28,50000,55.12,2.04,1018,5.02,2510,127,-153,1.3,5,627,16.1,2.22
2025-05-29,50000,59.58,1.49,745,3.65,1826,128,-152,-0.5,3.7,-273,16.1,2.09
2025-05-30,50000,63.71,2.21,1107,5.39,2693,129,-151,0.7,5.4,361,16.1,2.39
2025-05-31,50000,59.43,1.05,527,2.55,1275,130,-150,-1.2,2.5,-579,16.1,1.56
2025-06-01,50000,62.19,1.02,509,2.44,1222,131,-149,0,2.4,-19,16.1,1.97
2025-06-02,50000,60.49,0.8,401,1.91,956,132,-148,-0.2,1.9,-108,16.1,1.97
2025-06-03,50000,55.97,1.24,622,2.95,1474,133,-147,0.4,2.9,221,16.1,1.7
2025-06-04,50000,63.98,1.55,776,3.65,1827,134,-146,0.3,3.7,154,16.1,2
2025-06-05,50000,61.75,1.13,566,2.65,1324,135,-145,-0.4,2.6,-210,16.1,2.45
2025-06-06,50000,60.22,0.58,291,1.35,676,136,-144,-0.6,1.4,-275,16.1,2.34
2025-06-07,50000,58.73,1.08,541,2.5,1249,137,-143,0.5,2.5,250,16.1,1.59
2025-06-08,50000,60.8,1.31,654,3,1500,138,-142,0.2,3,113,16.1,1.83
2025-06-09,50000,55.51,0.35,174,0.79,396,139,-141,-1,0.8,-480,16.1,1.84
2025-06-10,50000,59.71,1.29,644,2.92,1460,140,-140,0.9,2.9,470,16.1,2.35
2025-06-11,50000,62.74,1.2,602,2.71,1356,141,-139,-0.1,2.7,-42,16.1,2.47
2025-06-12,50000,61.63,-1.51,-756,-3.39,-1693,142,-138,-2.7,-3.4,-1358,16.1,1.59
2025-06-13,50000,57.64,-2.45,-1223,-5.44,-2722,143,-137,-0.9,-5.4,-467,16.1,1.84
2025-06-14,50000,57.85,-2.88,-1438,-6.36,-3181,144,-136,-0.4,-6.4,-215,16.1,1.67
2025-06-15,50000,62.82,-1.39,-697,-3.07,-1533,145,-135,1.5,-3.1,741,16.1,1.82
2025-06-16,50000,64.34,-1.02,-511,-2.23,-1116,146,-134,0.4,-2.2,187,16.1,1.63
2025-06-17,50000,60.48,-1.22,-611,-2.66,-1328,147,-133,-0.2,-2.7,-100,16.1,1.66
2025-06-18,50000,61.59,-1.25,-625,-2.7,-1350,148,-132,0,-2.7,-14,16.1,1.61
2025-06-19,50000,56.03,0.16,79,0.34,170,149,-131,1.4,0.3,704,16.1,1.77
2025-06-20,50000,57.65,0.77,386,1.65,825,150,-130,0.6,1.6,307,16.1,1.61
2025-06-21,50000,57.53,-0.11,-57,-0.24,-120,151,-129,-0.9,-0.2,-443,16.1,2.26
2025-06-22,50000,59.12,2.17,1083,4.57,2286,152,-128,2.3,4.6,1140,16.1,1.51
2025-06-23,50000,58.22,1.36,679,2.85,1425,153,-127,-0.8,2.9,-404,16.1,1.92
2025-06-24,50000,59.91,0.15,76,0.32,158,154,-126,-1.2,0.3,-604,16.1,2
2025-06-25,50000,57.55,-0.82,-409,-1.7,-848,155,-125,-1,-1.7,-484,16.1,1.87
2025-06-26,50000,60.28,2.01,1007,4.15,2076,156,-124,2.8,4.2,1415,16.1,2.24
2025-06-27,50000,60.29,0.99,493,2.02,1011,157,-123,-1,2,-514,16.1,2.27
2025-06-28,50000,59.4,1.35,673,2.75,1373,158,-122,0.4,2.7,180,16.1,1.79
2025-06-29,50000,64.23,2.68,1338,5.43,2713,159,-121,1.3,5.4,665,16.1,2.17
2025-06-30,50000,58.37,3.96,1980,7.99,3993,160,-120,1.3,8,642,16.1,2.49
2025-07-01,50000,61.53,4.54,2270,9.11,4553,161,-119,0.6,9.1,290,16.1,1.94
2025-07-02,50000,59.13,6.78,3388,13.51,6757,162,-118,2.2,13.5,1117,16.1,2.34
2025-07-03,50000,62.57,5.32,2662,10.56,5282,163,-117,-1.5,10.6,-725,16.1,2.22
2025-07-04,50000,59.13,6.38,3190,12.59,6294,164,-116,1.1,12.6,528,16.1,2.2
2025-07-05,50000,62.22,5.9,2951,11.58,5791,165,-115,-0.5,11.6,-239,16.1,2.15
2025-07-06,50000,62.04,5.17,2585,10.09,5047,166,-114,-0.7,10.1,-365,16.1,2.12
2025-07-07,50000,55.29,5.76,2881,11.19,5594,167,-113,0.6,11.2,296,16.1,1.65
2025-07-08,50000,58.56,6.46,3230,12.48,6238,168,-112,0.7,12.5,349,16.1,2.19
2025-07-09,50000,63.55,7.61,3806,14.62,7312,169,-111,1.2,14.6,576,16.1,2.31
2025-07-10,50000,59.82,8.82,4412,16.86,8432,170,-110,1.2,16.9,606,16.1,1.64
2025-07-11,50000,56.44,7.27,3634,13.81,6907,171,-109,-1.6,13.8,-779,16.1,1.53
2025-07-12,50000,57.25,6.15,3075,11.63,5816,172,-108,-1.1,11.6,-558,16.1,2.42
2025-07-13,50000,61.29,6.03,3013,11.34,5670,173,-107,-0.1,11.3,-62,16.1,1.97
2025-07-14,50000,63.88,4.9,2452,9.18,4590,174,-106,-1.1,9.2,-561,16.1,2.18
2025-07-15,50000,61.93,4.73,2366,8.81,4406,175,-105,-0.2,8.8,-87,16.1,1.97
2025-07-16,50000,61.55,6.51,3254,12.06,6029,176,-104,1.8,12.1,888,16.1,2.09
2025-07-17,50000,59.34,6.65,3326,12.26,6132,177,-103,0.1,12.3,72,16.1,2.42
2025-07-18,50000,56.44,7.57,3784,13.88,6941,178,-102,0.9,13.9,458,16.1,2.39
2025-07-19,50000,61.44,6.78,3390,12.37,6186,179,-101,-0.8,12.4,-395,16.1,2.39
2025-07-20,50000,64.91,7.22,3609,13.11,6554,180,-100,0.4,13.1,220,16.1,1.58
2025-07-21,50000,58.21,7.46,3728,13.47,6737,181,-99,0.2,13.5,119,16.1,1.56
2025-07-22,50000,62.97,9.43,4714,16.95,8476,182,-98,2,17,986,16.1,1.64
2025-07-23,50000,57.1,11.34,5671,20.29,10147,183,-97,1.9,20.3,957,16.1,1.82
2025-07-24,50000,61.6,10.78,5389,19.19,9595,184,-96,-0.6,19.2,-283,16.1,1.77
2025-07-25,50000,55.7,11.05,5527,19.59,9793,185,-95,0.3,19.6,138,16.1,2.22
2025-07-26,50000,56.35,11.76,5878,20.73,10365,186,-94,0.7,20.7,351,16.1,1.52
2025-07-27,50000,61.22,11.44,5721,20.08,10040,187,-93,-0.3,20.1,-157,16.1,2.05
2025-07-28,50000,63.7,12.21,6105,21.32,10662,188,-92,0.8,21.3,384,16.1,2.18
2025-07-29,50000,60.08,11.03,5514,19.17,9583,189,-91,-1.2,19.2,-591,16.1,2.17
2025-07-30,50000,58.51,12.27,6137,21.23,10616,190,-90,1.2,21.2,623,16.1,2.48
2025-07-31,50000,63.54,12.65,6325,21.78,10890,191,-89,0.4,21.8,188,16.1,1.83
2025-08-01,50000,55.1,12.23,6113,20.95,10475,192,-88,-0.4,20.9,-212,16.1,1.8
2025-08-02,50000,63.68,13.34,6669,22.75,11375,193,-87,1.1,22.8,557,16.1,1.84
2025-08-03,50000,60.4,15.02,7512,25.51,12753,194,-86,1.7,25.5,843,16.1,1.87
2025-08-04,50000,59.24,15.93,7963,26.91,13455,195,-85,0.9,26.9,450,16.1,2.19
2025-08-05,50000,58.38,13.51,6753,22.72,11359,196,-84,-2.4,22.7,-1209,16.1,1.85
2025-08-06,50000,61.22,13.66,6831,22.88,11438,197,-83,0.2,22.9,78,16.1,1.55
2025-08-07,50000,56.25,15.12,7559,25.2,12598,198,-82,1.5,25.2,728,16.1,2.3
2025-08-08,50000,55.35,15.09,7545,25.04,12518,199,-81,0,25,-14,16.1,1.75
2025-08-09,50000,55.71,15.26,7630,25.2,12602,200,-80,0.2,25.2,85,16.1,1.71
2025-08-10,50000,59.74,14.71,7355,24.19,12093,201,-79,-0.6,24.2,-275,16.1,1.69
2025-08-11,50000,56.15,14.89,7447,24.38,12188,202,-78,0.2,24.4,91,16.1,2.14
2025-08-12,50000,62.53,15.56,7779,25.35,12676,203,-77,0.7,25.4,333,16.1,2.37
2025-08-13,50000,57.07,14.77,7384,23.96,11979,204,-76,-0.8,24,-395,16.1,1.82
2025-08-14,50000,55.63,13.62,6811,22,11000,205,-75,-1.1,22,-573,16.1,1.82
2025-08-15,50000,60.42,14.49,7247,23.3,11652,206,-74,0.9,23.3,436,16.1,2.39
2025-08-16,50000,64.47,14.62,7310,23.4,11702,207,-73,0.1,23.4,63,16.1,1.51
2025-08-17,50000,55.22,14.63,7317,23.32,11662,208,-72,0,23.3,7,16.1,2.27
2025-08-18,50000,58.52,13.22,6611,20.98,10491,209,-71,-1.4,21,-706,16.1,1.64
2025-08-19,50000,61.22,14.92,7461,23.58,11789,210,-70,1.7,23.6,850,16.1,1.97
2025-08-20,50000,63.8,15.42,7708,24.25,12126,211,-69,0.5,24.3,246,16.1,1.65
2025-08-21,50000,57.37,15.02,7512,23.54,11768,212,-68,-0.4,23.5,-195,16.1,1.57
2025-08-22,50000,64.48,16.26,8128,25.36,12678,213,-67,1.2,25.4,615,16.1,1.52
2025-08-23,50000,59.92,17.41,8706,27.04,13522,214,-66,1.2,27,578,16.1,2.03
2025-08-24,50000,56.95,15.9,7952,24.6,12298,215,-65,-1.5,24.6,-754,16.1,1.59
2025-08-25,50000,58.01,16.28,8138,25.07,12533,216,-64,0.4,25.1,186,16.1,2.45
2025-08-26,50000,61.43,17.04,8520,26.13,13066,217,-63,0.8,26.1,382,16.1,2.33
2025-08-27,50000,56.32,17.12,8560,26.14,13072,218,-62,0.1,26.1,40,16.1,1.92
2025-08-28,50000,57.2,17.1,8549,26,13001,219,-61,0,26,-11,16.1,1.7
2025-08-29,50000,64.26,16.55,8276,25.07,12534,220,-60,-0.5,25.1,-272,16.1,1.81
2025-08-30,50000,56.03,17.1,8549,25.79,12894,221,-59,0.5,25.8,272,16.1,1.79
2025-08-31,50000,62.09,18.7,9351,28.09,14046,222,-58,1.6,28.1,803,16.1,1.68
2025-09-01,50000,59.63,16.99,8494,25.41,12707,223,-57,-1.7,25.4,-857,16.1,2.17
2025-09-02,50000,58.32,16.29,8147,24.27,12137,224,-56,-0.7,24.3,-348,16.1,2.02
2025-09-03,50000,62.51,15.96,7981,23.68,11841,225,-55,-0.3,23.7,-166,16.1,1.92
2025-09-04,50000,58.26,16.25,8124,24.01,12005,226,-54,0.3,24,143,16.1,1.77
2025-09-05,50000,59.72,15.02,7508,22.1,11050,227,-53,-1.2,22.1,-616,16.1,1.54
2025-09-06,50000,58.45,13.92,6958,20.4,10200,228,-52,-1.1,20.4,-550,16.1,2.36
2025-09-07,50000,60.84,14.82,7411,21.64,10819,229,-51,0.9,21.6,453,16.1,2.34
2025-09-08,50000,60.81,14.72,7360,21.41,10703,230,-50,-0.1,21.4,-50,16.1,1.72
2025-09-09,50000,59.1,15.11,7557,21.89,10946,231,-49,0.4,21.9,197,16.1,1.62
2025-09-10,50000,59.74,15.28,7639,22.04,11021,232,-48,0.2,22,82,16.1,1.73
2025-09-11,50000,55.84,14.96,7481,21.5,10750,233,-47,-0.3,21.5,-158,16.1,1.51
2025-09-12,50000,55.13,14.29,7144,20.45,10226,234,-46,-0.7,20.5,-337,16.1,1.78
2025-09-13,50000,58.66,14.22,7111,20.28,10139,235,-45,-0.1,20.3,-33,16.1,2.49
2025-09-14,50000,62.59,16.88,8439,23.97,11986,236,-44,2.7,24,1328,16.1,1.65
2025-09-15,50000,63.73,18.95,9475,26.81,13404,237,-43,2.1,26.8,1035,16.1,1.72
2025-09-16,50000,58.98,18.33,9167,25.84,12919,238,-42,-0.6,25.8,-307,16.1,2.38
2025-09-17,50000,60.45,18.04,9020,25.33,12663,239,-41,-0.3,25.3,-147,16.1,2.12
2025-09-18,50000,64.57,18.75,9375,26.22,13110,240,-40,0.7,26.2,354,16.1,2.47
2025-09-19,50000,56.07,18.81,9404,26.2,13101,241,-39,0.1,26.2,29,16.1,2.46
2025-09-20,50000,57.6,18.71,9357,25.97,12986,242,-38,-0.1,26,-47,16.1,2.43
2025-09-21,50000,62.78,18.06,9029,24.97,12484,243,-37,-0.7,25,-328,16.1,2.3
2025-09-22,50000,57.1,17.56,8781,24.19,12095,244,-36,-0.5,24.2,-248,16.1,1.99
2025-09-23,50000,64.9,18.19,9094,24.96,12478,245,-35,0.6,25,312,16.1,2.33
2025-09-24,50000,59.37,18.34,9171,25.08,12538,246,-34,0.2,25.1,78,16.1,1.56
2025-09-25,50000,55.59,20.09,10046,27.36,13682,247,-33,1.7,27.4,874,16.1,1.62
2025-09-26,50000,56.49,19.58,9788,26.56,13282,248,-32,-0.5,26.6,-257,16.1,2.47
2025-09-27,50000,59.62,19.66,9832,26.58,13291,249,-31,0.1,26.6,44,16.1,1.77
2025-09-28,50000,56.25,19.64,9818,26.45,13224,250,-30,0,26.4,-14,16.1,1.59
2025-09-29,50000,63.89,19.3,9651,25.9,12951,251,-29,-0.3,25.9,-167,16.1,1.95
2025-09-30,50000,59.97,19.26,9632,25.76,12878,252,-28,0,25.8,-19,16.1,2.22
2025-10-01,50000,61.67,19.96,9979,26.59,13293,253,-27,0.7,26.6,346,16.1,2.25
2025-10-02,50000,61.35,20.75,10373,27.54,13768,254,-26,0.8,27.5,394,16.1,1.73
2025-10-03,50000,56.04,20.79,10395,27.49,13747,255,-25,0,27.5,22,16.1,2
2025-10-04,50000,56.92,20.14,10070,26.54,13269,256,-24,-0.7,26.5,-326,16.1,2.41
2025-10-05,50000,55.02,21.18,10589,27.8,13902,257,-23,1,27.8,519,16.1,2.08
2025-10-06,50000,56.66,21.35,10674,27.93,13964,258,-22,0.2,27.9,85,16.1,2.17
2025-10-07,50000,59.91,19.9,9950,25.94,12970,259,-21,-1.4,25.9,-724,16.1,2.25
2025-10-08,50000,56.61,20.07,10035,26.07,13035,260,-20,0.2,26.1,85,16.1,1.51
2025-10-09,50000,60.38,18.21,9107,23.57,11787,261,-19,-1.9,23.6,-928,16.1,1.93
2025-10-10,50000,57.39,20.4,10202,26.32,13158,262,-18,2.2,26.3,1095,16.1,1.83
2025-10-11,50000,63.19,22.36,11180,28.74,14368,263,-17,2,28.7,978,16.1,1.7
2025-10-12,50000,59.34,22.97,11486,29.42,14711,264,-16,0.6,29.4,307,16.1,2.2
2025-10-13,50000,59,21.48,10741,27.42,13708,265,-15,-1.5,27.4,-746,16.1,2.28
2025-10-14,50000,55.85,23.3,11650,29.63,14817,266,-14,1.8,29.6,909,16.1,1.93
2025-10-15,50000,55.03,23.33,11666,29.57,14784,267,-13,0,29.6,15,16.1,1.73
2025-10-16,50000,59.01,23.22,11612,29.33,14666,268,-12,-0.1,29.3,-54,16.1,2.32
2025-10-17,50000,61.29,22.77,11385,28.66,14329,269,-11,-0.5,28.7,-227,16.1,1.57
2025-10-18,50000,56.41,22.93,11464,28.76,14380,270,-10,0.2,28.8,80,16.1,2.41
2025-10-19,50000,57.95,23.47,11737,29.34,14672,271,-9,0.5,29.3,273,16.1,1.89
2025-10-20,50000,61.74,24.33,12166,30.31,15156,272,-8,0.9,30.3,429,16.1,2.26
2025-10-21,50000,56.86,25.95,12977,32.22,16111,273,-7,1.6,32.2,811,16.1,1.88
2025-10-22,50000,59.94,26.64,13319,32.96,16480,274,-6,0.7,33,342,16.1,1.71
2025-10-23,50000,55.23,25.75,12877,31.76,15878,275,-5,-0.9,31.8,-442,16.1,1.57
2025-10-24,50000,57.92,26.63,13317,32.73,16366,276,-4,0.9,32.7,440,16.1,2.13
2025-10-25,50000,62.64,27.31,13655,33.45,16725,277,-3,0.7,33.4,338,16.1,2.13
2025-10-26,50000,55.35,27.87,13937,34.03,17014,278,-2,0.6,34,282,16.1,2.03
2025-10-27,50000,63.17,26.57,13287,32.33,16166,279,-1,-1.3,32.3,-650,16.1,2.5
2025-10-28,50000,62.29,26.03,13013,31.56,15780,280,0,-0.5,32,-273,16.1,1.97
2025-10-29,50000,57.66,26.06,13028,31.49,15746,281,1,0,31.9,15,16.1,2.34
2025-10-30,50000,58.39,27.43,13713,33.04,16519,282,2,1.4,32.7,685,16.1,1.74
2025-10-31,50000,63.98,27.12,13559,32.56,16279,283,3,-0.3,32.2,-154,16.1,2.19
2025-11-01,50000,61.57,28.98,14492,34.69,17343,284,4,1.9,34.8,933,16.1,1.73
2025-11-02,50000,64.57,28.78,14390,34.33,17165,285,5,-0.2,35.8,-102,16.1,1.82
2025-11-03,50000,61.52,28.01,14007,33.31,16653,286,6,-0.8,33,-383,16.1,1.64
2025-11-04,50000,56.52,26.68,13338,31.61,15806,287,7,-1.3,28.6,-669,16.1,1.65
2025-11-05,50000,59.7,26.8,13399,31.65,15827,288,8,0.1,29.1,61,16.1,2.09
2025-11-06,50000,60.94,26.7,13352,31.44,15721,289,9,-0.1,29.8,-47,16.1,2.22
2025-11-07,50000,59.75,23.88,11938,28.02,14011,290,10,-2.8,25.2,-1414,16.1,1.62
2025-11-08,50000,63.07,22.97,11486,26.87,13437,291,11,-0.9,23.5,-452,16.1,1.92
2025-11-09,50000,55.71,22.34,11168,26.05,13023,292,12,-0.6,24.2,-319,16.1,2.09
2025-11-10,50000,61.59,20.92,10459,24.32,12158,293,13,-1.4,24.1,-708,16.1,1.53
2025-11-11,50000,56.79,20.81,10404,24.11,12055,294,14,-0.1,26.3,-55,16.1,1.84
2025-11-12,50000,58.84,20.5,10250,23.68,11839,295,15,-0.3,27.3,-154,16.1,1.99
2025-11-13,50000,57.8,20.4,10200,23.49,11745,296,16,-0.1,26.2,-50,16.1,2.14
2025-11-14,50000,57.05,19.64,9820,22.54,11271,297,17,-0.8,24.3,-380,16.1,2.21
2025-11-15,50000,61.14,20.37,10185,23.31,11654,298,18,0.7,27.3,365,16.1,1.78
2025-11-16,50000,62.35,20.92,10462,23.87,11933,299,19,0.6,27.9,277,16.1,2.02
2025-11-17,50000,62.38,20.99,10495,23.87,11933,300,20,0.1,28.8,33,16.1,1.9
2025-11-18,50000,55.74,19.93,9967,22.6,11298,301,21,-1.1,29.4,-528,16.1,1.74
2025-11-19,50000,59.32,20.6,10302,23.28,11641,302,22,0.7,30.9,334,16.1,1.66
2025-11-20,50000,64.2,21.44,10722,24.16,12078,303,23,0.8,31.9,420,16.1,1.84
2025-11-21,50000,58.06,22.43,11213,25.19,12593,304,24,1,33.9,491,16.1,1.95
2025-11-22,50000,55.98,20.23,10116,22.65,11326,305,25,-2.2,32,-1097,16.1,1.63
2025-11-23,50000,61.17,20.22,10108,22.57,11283,306,26,0,32.6,-8,16.1,2.1
2025-11-24,50000,57.21,20.72,10361,23.06,11530,307,27,0.5,32.8,253,16.1,1.6
2025-11-25,50000,57.25,21.08,10542,23.39,11696,308,28,0.4,33.6,182,16.1,1.91
2025-11-26,50000,62.01,19.95,9974,22.06,11032,309,29,-1.1,33.2,-568,16.1,2.43
2025-11-27,50000,64.95,20.63,10315,22.75,11374,310,30,0.7,33.3,340,16.1,1.54
2025-11-28,50000,58.3,22.06,11028,24.25,12124,311,31,1.4,36.7,713,16.1,2.16
2025-11-29,50000,56.36,23.55,11775,25.81,12907,312,32,1.5,40.8,747,16.1,2
2025-11-30,50000,62.94,23.2,11599,25.35,12676,313,33,-0.4,39.8,-176,16.1,2.17
2025-12-01,50000,58.66,22.67,11337,24.7,12352,314,34,-0.5,41.1,-262,16.1,2.42
2025-12-02,50000,55.7,23.17,11587,25.17,12587,315,35,0.5,41.7,251,16.1,2.03
2025-12-03,50000,60.81,25.61,12807,27.74,13871,316,36,2.4,44.4,1219,16.1,2.28
2025-12-04,50000,63.29,27.51,13756,29.71,14855,317,37,1.9,47.2,949,16.1,2.32
2025-12-05,50000,60.31,25.91,12954,27.89,13947,318,38,-1.6,44.9,-803,16.1,2.01
2025-12-06,50000,56.5,25.82,12912,27.72,13862,319,39,-0.1,43.1,-41,16.1,1.71
2025-12-07,50000,59.11,24.36,12182,26.08,13039,320,40,-1.5,41.7,-730,16.1,2.47
2025-12-08,50000,64.67,23.73,11864,25.32,12662,321,41,-0.6,41.2,-318,16.1,2.33
2025-12-09,50000,56.74,22.79,11393,24.25,12124,322,42,-0.9,39.7,-471,16.1,2.08
2025-12-10,50000,64.55,24.08,12038,25.55,12773,323,43,1.3,42.8,645,16.1,1.76
2025-12-11,50000,58.42,24.08,12040,25.48,12738,324,44,0,39.7,2,16.1,1.92
2025-12-12,50000,57.75,23.3,11648,24.58,12288,325,45,-0.8,38.4,-392,16.1,2.29
2025-12-13,50000,57.87,22.71,11355,23.89,11944,326,46,-0.6,38.1,-293,16.1,1.83
2025-12-14,50000,62.27,22.44,11221,23.54,11769,327,47,-0.3,36.7,-134,16.1,1.67
2025-12-15,50000,62.59,22.53,11263,23.56,11780,328,48,0.1,35.8,42,16.1,2.16
2025-12-16,50000,59.72,23.98,11989,25.01,12503,329,49,1.5,36.4,726,16.1,2.41
2025-12-17,50000,56.08,26.85,13427,27.93,13963,330,50,2.9,39.1,1438,16.1,1.79
2025-12-18,50000,62.11,26.85,13423,27.84,13918,331,51,0,36.3,-5,16.1,1.7
2025-12-19,50000,62.23,28.22,14111,29.18,14591,332,52,1.4,37,688,16.1,1.71
2025-12-20,50000,61.78,29.79,14894,30.71,15356,333,53,1.6,41.9,783,16.1,1.67
2025-12-21,50000,61.29,28.82,14409,29.63,14815,334,54,-1,41.6,-484,16.1,1.58
2025-12-22,50000,64.72,29.46,14731,30.21,15104,335,55,0.6,41,322,16.1,2.05
2025-12-23,50000,61.2,28.6,14300,29.24,14620,336,56,-0.9,39.2,-431,16.1,1.74
2025-12-24,50000,64.97,27.65,13824,28.19,14094,337,57,-1,38.2,-476,16.1,1.82
2025-12-25,50000,63.7,27.78,13890,28.24,14122,338,58,0.1,40.5,66,16.1,1.8
2025-12-26,50000,61.96,27.38,13688,27.76,13878,339,59,-0.4,38.8,-202,16.1,2.02
2025-12-27,50001,62.96,28.38,13689,28.76,13879,340,60,0.6,39.8,-201,17.1,3.02
2025-12-28,50002,63.96,29.38,13690,29.76,13880,341,61,1.6,40.8,-200,18.1,4.02
2025-12-29,50003,64.96,30.38,13691,30.76,13881,342,62,2.6,41.8,-199,19.1,5.02
2025-12-30,50004,65.96,31.38,13692,31.76,13882,343,63,3.6,42.8,-198,20.1,6.02
2025-12-31,50005,66.96,32.38,13693,32.76,13883,344,64,4.6,43.8,-197,21.1,7.02
2026-01-01,50006,67.96,33.38,13694,33.76,13884,345,65,5.6,44.8,-196,22.1,8.02
2026-01-02,50007,68.96,34.38,13695,34.76,13885,346,66,6.6,45.8,-195,23.1,9.02
2026-01-03,50008,69.96,35.38,13696,35.76,13886,347,67,7.6,46.8,-194,24.1,10.02
2026-01-04,50009,70.96,36.38,13697,36.76,13887,348,68,8.6,47.8,-193,25.1,11.02
2026-01-05,50010,71.96,37.38,13698,37.76,13888,349,69,9.6,48.8,-192,26.1,12.02
2026-01-06,50011,72.96,38.38,13699,38.76,13889,350,70,10.6,49.8,-191,27.1,13.02
2026-01-07,50012,73.96,39.38,13700,39.76,13890,351,71,11.6,50.8,-190,28.1,14.02
2026-01-08,50013,74.96,40.38,13701,40.76,13891,352,72,12.6,51.8,-189,29.1,15.02
2026-01-09,50014,75.96,41.38,13702,41.76,13892,353,73,13.6,52.8,-188,30.1,16.02
2026-01-10,50015,76.96,42.38,13703,42.76,13893,354,74,14.6,53.8,-187,31.1,17.02
2026-01-11,50016,77.96,43.38,13704,43.76,13894,355,75,15.6,54.8,-186,32.1,18.02
2026-01-12,50017,-78.96,44.38,13705,44.76,13895,356,76,16.6,55.8,-185,33.1,19.02
